gender,age,height_in_cm,marital_status,education,profession,religion,language,community,city,country,food_preferences,drinks,smokes,skin_tone,build,category
F,24,154,NeverMarried,Highschool-Commerce,EventManager,Christian,Urdu,RomanCatholic,Lahore,Pakistan,Vegetarian,DoesntDrink,DoesntSmoke,Wheatishskintone,AverageBuild,3
F,27,170,NeverMarried,Masters-Arts,Notworking,Muslim,Hindi,Sunni,Lucknow,India,Non-Vegetarian,DoesntDrink,DoesntSmoke,Fairskinned,AverageBuild,2
F,28,154,NeverMarried,Masters-Management,Notworking,Muslim,Urdu,Sunni,Hyderabad,India,Non-Vegetarian,DoesntDrink,DoesntSmoke,VeryFairskinned,SlimBuild,3
F,30,152,NeverMarried,Bachelors-Advertising/Marketing,Journalist,Hindu,Marathi,Maratha,Mumbai,India,Non-Vegetarian,DrinksOccasionally,DoesntSmoke,Wheatishskintone,AverageBuild,0
F,26,152,NeverMarried,Undergraduate-Arts,PhysicianAssistant,Hindu,Hindi,Chaurasia,Delhi-NCR,India,Vegetarian,DoesntDrink,DoesntSmoke,Fairskinned,SlimBuild,0
F,25,157,NeverMarried,Diploma-Arts,Teacher,Sikh,Punjabi,Gursikh,Delhi,India,Vegetarian,DoesntDrink,DoesntSmoke,Wheatishskintone,AverageBuild,3
F,24,165,NeverMarried,Masters-Commerce,AccountingProfessional,Hindu,Sindhi,Sindhi-Baibhand, Mandsaur,India,Vegetarian,DoesntDrink,DoesntSmoke,Wheatishskintone,AthleticBuild,3
F,32,160,NeverMarried,Masters-Management,InvestmentProfessional,Hindu,Hindi,Yadav,Bhopal,India,Vegetarian,DoesntDrink,DoesntSmoke,Fairskinned,SlimBuild,5
F,30,157,NeverMarried,Masters-Arts,NotSpecified,Hindu,Bengali,Namasudra,Kolkata,India,Non-Vegetarian,DrinksOccasionally,SmokesOccasionally,Wheatishskintone,SlimBuild,5
F,25,160,NeverMarried,Bachelors-Commerce,Notworking,Hindu,Hindi,Kurmi,Hoshangabad,India,Vegan,DoesntDrink,DoesntSmoke,Fairskinned,AverageBuild,5
F,31,154,NeverMarried,Doctorate-Engineering/Technology,Writer,Hindu,Kashmiri,Brahmin-KashmiriPandit,Indore,India,Vegetarian,DoesntDrink,DoesntSmoke,Wheatishskintone,AverageBuild,6
F,32,137,NeverMarried,Undergraduate-Education,Notworking,Buddhist,Marathi,NotSpecified,Mumbai,India,OccasionallyNon-Vegetarian,DoesntDrink,DoesntSmoke,Fairskinned,SlimBuild,7
F,26,165,NeverMarried,Masters-Finance,AccountingProfessional,Hindu,Gujarati,Patel-Leva,TX,USA,Non-Vegetarian,DrinksOccasionally,DoesntSmoke,VeryFairskinned,SlimBuild,5
F,25,134,NeverMarried,Undergraduate-Commerce,CustomerSupport/BPO/KPOProfessional,NoReligion,Malayalam,NotSpecified,Mumbai,India,Non-Vegetarian,DoesntDrink,DoesntSmoke,Darkskinned,AverageBuild,7
F,26,152,NeverMarried,Bachelors-Computers/IT,NotSpecified,Hindu,Bengali,96KKokanastha,Howra,India,Non-Vegetarian,DoesntDrink,DoesntSmoke,Fairskinned,AverageBuild,0
F,29,152,NeverMarried,Masters-Computers/IT,Notworking,Hindu,Tamil,VanniyakullakKshatriya,Cuddalore,India,OccasionallyNon-Vegetarian,DoesntDrink,DoesntSmoke,VeryFairskinned,SlimBuild,3
F,26,167,NeverMarried,Bachelors-FineArts,SoftwareDeveloper/Programmer,Hindu,Punjabi,Brahmin,Amritsar,India,OccasionallyNon-Vegetarian,DoesntDrink,DoesntSmoke,VeryFairskinned,AthleticBuild,3
F,30,170,NeverMarried,Bachelors-Engineering/Technology,SoftwareDeveloper/Programmer,Hindu,Bengali,Kayastha,Kolkata,India,Non-Vegetarian,DoesntDrink,DoesntSmoke,Wheatishskintone,SlimBuild,2
F,28,157,NeverMarried,Masters-Medicine,Medical/HealthcareProfessional,Hindu,Assamese,AryaVysya,Guwahati,India,Non-Vegetarian,DoesntDrink,DoesntSmoke,Fairskinned,AverageBuild,5
F,25,134,NeverMarried,Doctorate-Nursing/HealthSciences,Doctor,Muslim,Hindi,Sunni,Mumbai,India,Non-Vegetarian,DoesntDrink,DoesntSmoke,Fairskinned,SlimBuild,7
F,32,149,NeverMarried,Masters-Computers/IT,SoftwareDeveloper/Programmer,Hindu,Hindi,Baniya,Pune,India,Vegetarian,DoesntDrink,DoesntSmoke,Wheatishskintone,AverageBuild,0
F,24,149,NeverMarried,Doctorate-Medicine,Doctor,Hindu,Malayalam,Other,Malappuram,India,Doesn,tDrink,DoesntSmoke,Wheatishskintone,SlimBuild,0
F,33,165,Annulled,Bachelors-Commerce,AdminProfessional,Muslim,Hindi,Sunni,Indore,India,Non-Vegetarian,DoesntDrink,DoesntSmoke,VeryFairskinned,SlimBuild,2
F,25,160,Divorced,Diploma-Education,Teacher,Hindu,Marathi,Chambhar,Nashik,India,Vegetarian,DoesntDrink,DoesntSmoke,Wheatishskintone,AverageBuild,5
F,29,152,Divorced,Highschool-Nursing/HealthSciences,CateringProfessional,Hindu,Kannada,Jangam,Tumakuru,India,Vegetarian,DoesntDrink,DoesntSmoke,Fairskinned,AverageBuild,0
F,30,160,NeverMarried,Bachelors-Nursing/HealthSciences,Nurse,Christian,Malayalam,Marthoma,Delhi,India,Non-Vegetarian,DoesntDrink,DoesntSmoke,Fairskinned,SlimBuild,5
F,22,157,NeverMarried,Undergraduate-Commerce,Notworking,Hindu,Hindi,Yadav,Chhindwara,India,Vegetarian,DoesntDrink,DoesntSmoke,Wheatishskintone,AverageBuild,5
F,24,152,NeverMarried,Masters-Arts,Notworking,Hindu,Bengali,Sutar,Assam,India,Non-Vegetarian,DoesntDrink,DoesntSmoke,Fairskinned,SlimBuild,0
F,33,160,NeverMarried,Bachelors-Computers/IT,Sr.Manager/Manager,Hindu,Hindi,Kayastha,Noida,India,Non-Vegetarian,DoesntDrink,DoesntSmoke,Wheatishskintone,SlimBuild,5
F,28,165,NeverMarried,Bachelors-Engineering/Technology,SoftwareProfessional,Hindu,Tamil,Naidu,Madurai,India,Non-Vegetarian,DoesntDrink,DoesntSmoke,Wheatishskintone,AverageBuild,3
F,25,149,NeverMarried,Masters-Management,HumanResourcesProfessional,Muslim,Hindi,Sunni,Sonepur,India,OccasionallyNon-Vegetarian,DoesntDrink,DoesntSmoke,Fairskinned,AverageBuild,0
F,27,175,NeverMarried,Diploma-Arts,Notworking,Hindu,Hindi,Khatik,Jagdalpur,India,Non-Vegetarian,DrinksOccasionally,DoesntSmoke,Fairskinned,AverageBuild,1
F,23,167,NeverMarried,Highschool-Arts,Notworking,Hindu,Hindi,Rajput,Delhi,India,Non-Vegetarian,DrinksOccasionally,DoesntSmoke,Fairskinned,AverageBuild,5
F,25,162,Divorced,Undergraduate-Engineering/Technology,AdminProfessional,Hindu,Marathi,Teli,Nagpur,India,OccasionallyNon-Vegetarian,DoesntDrink,DoesntSmoke,Wheatishskintone,AverageBuild,5
F,28,157,NeverMarried,Bachelors-Medicine,Dentist,Christian,Hindi,BornAgain,Indore,India,Non-Vegetarian,DoesntDrink,DoesntSmoke,Wheatishskintone,SlimBuild,5
F,35,167,NeverMarried,Bachelors-Nursing/HealthSciences,Nurse,Hindu,Hindi,Agarwal,AZ,USA,Non-Vegetarian,DrinksOccasionally,DoesntSmoke,Wheatishskintone,AverageBuild,2
F,25,160,NeverMarried,Masters-Commerce,BankingProfessional,Hindu,Hindi,Gupta,Nagaon,India,Non-Vegetarian,DoesntDrink,DoesntSmoke,Fairskinned,SlimBuild,5
F,25,162,NeverMarried,Diploma-Engineering/Technology,Mechanical/ProductionEngineer,Hindu,Hindi,Brahmin,Gurgaon,India,Vegetarian,DoesntDrink,DoesntSmoke,Wheatishskintone,AverageBuild,5
F,31,162,NeverMarried,Masters-Nursing/HealthSciences,NotSpecified,Hindu,Hindi,Rajput,Brampton,Canada,Vegetarian,DoesntDrink,DoesntSmoke,VeryFairskinned,AverageBuild,5
F,32,160,NeverMarried,Masters-Arts,Notworking,Hindu,Hindi,Jatav,Kannauj,India,Eggetarian,DoesntDrink,DoesntSmoke,Fairskinned,AverageBuild,5
F,39,154,Divorced,Masters-Arts,NotSpecified,Muslim,Hindi,Sunni,Jamshedpur,India,OccasionallyNon-Vegetarian,DoesntDrink,DoesntSmoke,Fairskinned,AverageBuild,6
F,26,162,NeverMarried,Masters-Management,Notworking,Hindu,Hindi,Rajput,UttarPradesh,India,Vegetarian,DoesntDrink,DoesntSmoke,Fairskinned,AverageBuild,5
F,32,157,Divorced,Masters-Management,BusinessOwner/Entrepreneur,Hindu,Marathi,Maratha,Gwalior,India,Vegetarian,DoesntDrink,DoesntSmoke,Fairskinned,AverageBuild,6
F,38,160,Widowed,Masters-Education,Teacher,NotSpecified,Hindi,NotSpecified,Haridwar,India,OccasionallyNon-Vegetarian,DoesntDrink,DoesntSmoke,VeryFairskinned,AverageBuild,6
F,28,157,NeverMarried,Masters-Administrativeservices,AdminProfessional,Hindu,Hindi,Soni,Jabalpur,India,Vegetarian,DoesntDrink,DoesntSmoke,VeryFairskinned,SlimBuild,5
F,27,160,NeverMarried,Bachelors-Engineering/Technology,SoftwareDeveloper/Programmer,Hindu,Hindi,Baniya,Bangalore,India,Vegetarian,DoesntDrink,DoesntSmoke,Fairskinned,SlimBuild,5
F,27,154,NeverMarried,Masters-Computers/IT,Writer,Hindu,Tamil,DevendraKulaVellalar,Coimbatore,India,Non-Vegetarian,DoesntDrink,DoesntSmoke,Wheatishskintone,AverageBuild,3
F,30,162,NeverMarried,Honoursdegree-Commerce,CompanySecretary,Hindu,Bengali,Brahmin-Kulin,Delhi,India,Non-Vegetarian,DoesntDrink,DoesntSmoke,Fairskinned,SlimBuild,5
F,24,157,NeverMarried,Masters-Commerce,AccountingProfessional,Hindu,Odia,Brahmin-Halua,Mumbai,India,Non-Vegetarian,DoesntDrink,DoesntSmoke,Fairskinned,AverageBuild,3
F,24,162,NeverMarried,Associatesdegree-Computers/IT,Notworking,Hindu,Kannada,Lambani,Shivamogga,India,Non-Vegetarian,DoesntDrink,DoesntSmoke,Wheatishskintone,SlimBuild,5
F,27,157,NeverMarried,Masters-Education,Teacher,Hindu,Hindi,Jatav,Meerut,India,Vegetarian,DoesntDrink,DoesntSmoke,VeryFairskinned,AverageBuild,5
F,23,157,NeverMarried,Bachelors-Commerce,FinanceProfessional,Hindu,Hindi,Brahmin-Saryuparin,Rewa,India,Vegetarian,DoesntDrink,DoesntSmoke,Fairskinned,AverageBuild,5
F,26,162,NeverMarried,Undergraduate-Commerce,FinanceProfessional,Hindu,Telugu,AryaVysya,Chennai,India,Eggetarian,DoesntDrink,DoesntSmoke,Fairskinned,AverageBuild,3
F,28,157,NeverMarried,Masters-Computers/IT,NotSpecified,Hindu,Hindi,Brahmin-Bhumihar,Ghaziabad,India,Vegetarian,DoesntDrink,DoesntSmoke,Fairskinned,AverageBuild,5
F,30,157,Divorced,Highschool-Officeadministration,CompanySecretary,Hindu,Hindi,Kayastha,Raipur,India,Non-Vegetarian,DoesntDrink,DoesntSmoke,Wheatishskintone,HeavyBuild,5
F,28,154,NeverMarried,Masters-Arts,SocialWorker/Volunteer/NGO,Hindu,Odia,Khandayat,Nayagarh,India,Non-Vegetarian,DoesntDrink,DoesntSmoke,Darkskinned,AverageBuild,3
F,24,157,NeverMarried,Honoursdegree-Science,Notworking,Muslim,Urdu,SunniHanafi,Patna,India,OccasionallyNon-Vegetarian,DoesntDrink,DoesntSmoke,Fairskinned,SlimBuild,3
F,30,157,NeverMarried,Bachelors-Engineering/Technology,Notworking,Christian,Malayalam,LatinCatholic,Thiruvananthapuram,India,Non-Vegetarian,DoesntDrink,DoesntSmoke,Fairskinned,AverageBuild,5
F,27,160,NeverMarried,Masters-Education,Teacher,Hindu,Marathi,Maratha,Pune,India,Vegetarian,DoesntDrink,DoesntSmoke,Fairskinned,AverageBuild,5
F,21,162,NeverMarried,Bachelors-Engineering/Technology,Notworking,Hindu,Telugu,Devanga,Nellore,India,Non-Vegetarian,DoesntDrink,DoesntSmoke,Wheatishskintone,SlimBuild,3
F,22,165,NeverMarried,Bachelors-Engineering/Technology,NonITEngineer,Muslim,Urdu,SunniHanafi,Patna,India,Non-Vegetarian,DoesntDrink,DoesntSmoke,Wheatishskintone,SlimBuild,3
F,32,165,NeverMarried,Bachelors-Arts,Writer,Hindu,Sindhi,Sindhi-Sahiti,Mumbai,India,Non-Vegetarian,DoesntDrink,DoesntSmoke,VeryFairskinned,AverageBuild,3
F,27,157,NeverMarried,Masters-Management,HumanResourcesProfessional,Hindu,Hindi,Brahmin-Kanyakubja,Sitapur,India,Vegetarian,DoesntDrink,DoesntSmoke,VeryFairskinned,AverageBuild,5
F,34,152,NeverMarried,Bachelors-FineArts,Agent/Broker/Trader/Contractor,Hindu,Punjabi,Arora,Ludhiana,India,Vegetarian,DoesntDrink,DoesntSmoke,Fairskinned,SlimBuild,6
F,23,154,NeverMarried,Bachelors-Education,Notworking,Jain,Hindi,Digambar,Mandla,India,Vegetarian,DoesntDrink,DoesntSmoke,Fairskinned,SlimBuild,0
F,26,162,NeverMarried,Bachelors-ArmedForces,Army,Hindu,Hindi,Jat,Rohtak,India,Vegetarian,DoesntDrink,DoesntSmoke,VeryFairskinned,AverageBuild,5
F,42,134,Divorced,Lessthanhighschool-Arts,Notworking,Hindu,Bengali,Vishwakarma,Kolkata,India,Non-Vegetarian,DoesntDrink,DoesntSmoke,Fairskinned,AthleticBuild,7
F,31,165,NeverMarried,Undergraduate-Travel&amp,Tourism,NotSpecified,Hindu,Hindi,Ahmedabad,India,Vegetarian,DoesntDrink,DoesntSmoke,VeryFairskinned,SlimBuild,2
F,31,160,NeverMarried,Bachelors-Commerce,HumanResourcesProfessional,Hindu,Malayalam,Ezhava,Mumbai,India,Non-Vegetarian,DoesntDrink,DoesntSmoke,Wheatishskintone,SlimBuild,5
F,22,162,NeverMarried,Masters-Engineering/Technology,NotSpecified,Sikh,Punjabi,Saini,Chandigarh,India,Vegetarian,DoesntDrink,DoesntSmoke,VeryFairskinned,AverageBuild,3
F,37,165,NeverMarried,Masters-Management,Consultant/Supervisor/TeamLeads,Hindu,Gujarati,Rajput,Vadodara,India,Vegetarian,DoesntDrink,DoesntSmoke,Fairskinned,AverageBuild,2
F,25,160,NeverMarried,Masters-Management,AdminProfessional,Muslim,Urdu,Shia,Akbarpur,India,Non-Vegetarian,DoesntDrink,DoesntSmoke,Fairskinned,SlimBuild,3
F,24,157,NeverMarried,Masters-Engineering/Technology,SoftwareDeveloper/Programmer,Hindu,Hindi,Kayastha,Bareilly,India,Vegetarian,DoesntDrink,DoesntSmoke,VeryFairskinned,SlimBuild,5
F,25,157,NeverMarried,Bachelors-Fashion,Designer,Hindu,Kannada,Brahmin-Madhwa,Mumbai,India,OccasionallyNon-Vegetarian,DrinksOccasionally,DoesntSmoke,Fairskinned,AverageBuild,5
F,25,152,NeverMarried,Masters-Management,HumanResourcesProfessional,Hindu,Hindi,Baniya,Delhi,India,Vegetarian,DoesntDrink,DoesntSmoke,Fairskinned,SlimBuild,0
F,25,167,NeverMarried,Honoursdegree-Education,Teacher,Hindu,Hindi,Kshatriya,Patna,India,OccasionallyNon-Vegetarian,DoesntDrink,DoesntSmoke,VeryFairskinned,AverageBuild,5
F,39,167,Divorced,Masters-Education,Notworking,Hindu,Hindi,Kayastha,Ahmedabad,India,Vegetarian,DoesntDrink,DoesntSmoke,Wheatishskintone,SlimBuild,2
F,32,160,NeverMarried,Masters-Computers/IT,Teacher,Hindu,Hindi,Brahmin-Kanyakubja,Jabalpur,India,Vegetarian,DoesntDrink,DoesntSmoke,Fairskinned,SlimBuild,5
F,23,157,NeverMarried,Bachelors-Computers/IT,NotSpecified,Hindu,Marathi,LevaPatil,Jalgaon,India,OccasionallyNon-Vegetarian,DoesntDrink,DoesntSmoke,Wheatishskintone,SlimBuild,5
F,26,160,NeverMarried,Bachelors-Commerce,BusinessOwner/Entrepreneur,Hindu,Gujarati,Intercaste,Ahmedabad,India,Vegetarian,DoesntDrink,DoesntSmoke,Fairskinned,AverageBuild,5
F,32,152,Widowed,Highschool-Nursing/HealthSciences,Nurse,Hindu,Marathi,Maratha,Mumbai,India,Non-Vegetarian,DoesntDrink,DoesntSmoke,Fairskinned,SlimBuild,6
F,27,160,NeverMarried,Doctorate-Science,ResearchScholar,Christian,Malayalam,RCSC,Thrissur,India,Non-Vegetarian,DoesntDrink,DoesntSmoke,Wheatishskintone,AverageBuild,5
F,30,149,Divorced,Masters-Education,NotSpecified,Hindu,Hindi,Brahmin-Saryuparin,Sambalpur,India,Non-Vegetarian,DoesntDrink,DoesntSmoke,Wheatishskintone,AverageBuild,0
F,29,167,NeverMarried,Masters-Commerce,FinanceProfessional,Hindu,Hindi,Baniya,Delhi,India,Vegetarian,DoesntDrink,DoesntSmoke,Wheatishskintone,AverageBuild,2
F,31,160,NeverMarried,Diploma-Education,Notworking,Muslim,Urdu,Sunni,Mumbai,India,Non-Vegetarian,DoesntDrink,DoesntSmoke,Fairskinned,AverageBuild,3
F,23,170,NeverMarried,Diploma-Engineering/Technology,Notworking,Christian,Kannada,ChurchofSouthIndia,Hosapete,India,OccasionallyNon-Vegetarian,DoesntDrink,DoesntSmoke,Wheatishskintone,AverageBuild,5
F,27,165,NeverMarried,Masters-Commerce,Consultant/Supervisor/TeamLeads,Hindu,Sindhi,Sindhi-Baibhand,Pune,India,OccasionallyNon-Vegetarian,DoesntDrink,DoesntSmoke,Fairskinned,AverageBuild,3
F,29,165,NeverMarried,Bachelors-Commerce,CustomerSupport/BPO/KPOProfessional,Muslim,Hindi,Sunni,Secunderabad,India,Non-Vegetarian,DoesntDrink,DoesntSmoke,Darkskinned,HeavyBuild,5
F,27,160,NeverMarried,Masters-Arts,AccountingProfessional,Hindu,Hindi,Brahmin-Saryuparin,Kanpur,India,Vegetarian,DoesntDrink,DoesntSmoke,Fairskinned,SlimBuild,5
F,20,152,NeverMarried,Associatesdegree-Science,Notworking,Hindu,Hindi,Brahmin-Other,Jabalpur,India,Vegetarian,DoesntDrink,DoesntSmoke,Fairskinned,SlimBuild,0
F,19,167,NeverMarried,Undergraduate-Finance,Notworking,Hindu,Bengali,Brahmin-Other,Kolkata,India,Non-Vegetarian,DoesntDrink,DoesntSmoke,Fairskinned,AverageBuild,5
F,38,152,Divorced,Diploma-Fashion,Notworking,Muslim,Gujarati,Sunni,Mumbai,India,Non-Vegetarian,DoesntDrink,DoesntSmoke,Fairskinned,HeavyBuild,6
F,32,147,NeverMarried,Masters-Arts,Teacher,Muslim,Assamese,Sunni,Guwahati,India,Non-Vegetarian,DoesntDrink,DoesntSmoke,Wheatishskintone,AverageBuild,0
F,30,157,NeverMarried,Masters-Commerce,AccountingProfessional,Hindu,Hindi,Kumhar,Mumbai,India,Non-Vegetarian,DoesntDrink,DoesntSmoke,Fairskinned,AverageBuild,5
F,28,157,NeverMarried,Bachelors-Arts,ResearchAssistant,Hindu,Bengali,Baishnab,Kolkata,India,Non-Vegetarian,DoesntDrink,DoesntSmoke,Fairskinned,AverageBuild,5
F,26,162,NeverMarried,Bachelors-Engineering/Technology,Sr.Manager/Manager,Hindu,Hindi,Kushwaha,Delhi,India,Non-Vegetarian,DoesntDrink,DoesntSmoke,Wheatishskintone,AverageBuild,5
F,26,162,NeverMarried,Masters-Travel&amp,Tourism,Notworking,Hindu,Marathi,Macclesfield,UnitedKingdom,OccasionallyNon-Vegetarian,DoesntDrink,DoesntSmoke,VeryFairskinned,AthleticBuild,5
F,28,157,NeverMarried,Masters-Commerce,Sr.Manager/Manager,Hindu,Hindi,Brahmin-Other,Sonepat,India,OccasionallyNon-Vegetarian,DoesntDrink,DoesntSmoke,Wheatishskintone,SlimBuild,5
F,32,154,NeverMarried,Diploma-Arts,TeamMember/Staff,Hindu,Assamese,Kalita,Jorhat,India,Non-Vegetarian,DoesntDrink,DoesntSmoke,Fairskinned,SlimBuild,0
F,34,160,Divorced,Bachelors-Medicine,Dentist,Hindu,Hindi,Rajput,Woking,UnitedKingdom,Vegetarian,DoesntDrink,DoesntSmoke,VeryFairskinned,SlimBuild,6
F,28,154,NeverMarried,Masters-Management,Consultant/Supervisor/TeamLeads,Hindu,Hindi,Brahmin-Other,Ahmedabad,India,Vegetarian,DoesntDrink,DoesntSmoke,Fairskinned,SlimBuild,0
F,36,154,Divorced,Associatesdegree-Administrativeservices,Medical/HealthcareProfessional,Others),Muslim,SunniHanafi,CA,USA,Non-Vegetarian,DoesntDrink,DoesntSmoke,VeryFairskinned,SlimBuild,6
F,32,149,NeverMarried,Diploma-Computers/IT,Notworking,Buddhist,Marathi,NotSpecified,Nanded,India,Non-Vegetarian,DoesntDrink,DoesntSmoke,Fairskinned,SlimBuild,0
F,41,160,NeverMarried,Masters-Advertising/Marketing,MediaProfessional,Hindu,Telugu,Brahmin-Other,TX,USA,Vegetarian,DrinksOccasionally,DoesntSmoke,VeryFairskinned,SlimBuild,6
F,24,152,NeverMarried,Bachelors-Arts,Notworking,Hindu,Hindi,Chaurasia,Mirzapur,India,OccasionallyNon-Vegetarian,DoesntDrink,DoesntSmoke,Fairskinned,AverageBuild,0
F,29,170,Divorced,Highschool-Arts,Notworking,Hindu,Bengali,Brahmin-Other,Kharagpur,India,Non-Vegetarian,DoesntDrink,DoesntSmoke,VeryFairskinned,AverageBuild,2
F,21,154,NeverMarried,Bachelors-Arts,Notworking,Hindu,Bengali,Banik,Kolkata,India,Non-Vegetarian,DoesntDrink,DoesntSmoke,Wheatishskintone,AthleticBuild,0
F,24,165,NeverMarried,Masters-Engineering/Technology,Notworking,Muslim,Urdu,Sunni,Aligarh,India,Non-Vegetarian,DoesntDrink,DoesntSmoke,VeryFairskinned,SlimBuild,3
F,27,162,NeverMarried,Bachelors-Law,Notworking,Hindu,Hindi,Punjabi,Delhi,India,OccasionallyNon-Vegetarian,DoesntDrink,DoesntSmoke,Fairskinned,AverageBuild,5
F,28,162,NeverMarried,Diploma-Nursing/HealthSciences,Pharmacist,Hindu,Kannada,Lingayath,Hassan,India,Vegetarian,DoesntDrink,DoesntSmoke,Fairskinned,SlimBuild,5
F,49,157,NeverMarried,Masters-Management,VP/AVP/GM/DGM,Sikh,Punjabi,Jat,Mumbai,India,OccasionallyNon-Vegetarian,DrinksOccasionally,DoesntSmoke,Fairskinned,AverageBuild,6
F,26,152,Divorced,Masters-FineArts,Notworking,Hindu,Hindi,Rajput,Faridabad,India,Non-Vegetarian,DoesntDrink,DoesntSmoke,Wheatishskintone,AverageBuild,0
F,27,154,NeverMarried,Masters-Arts,Lecturer,Muslim,Hindi,Sunni,Pune,India,Non-Vegetarian,DoesntDrink,DoesntSmoke,Wheatishskintone,AverageBuild,0
F,18,134,NeverMarried,Highschool-Arts,Notworking,Hindu,Bengali,Karmakar,Kolkata,India,Non-Vegetarian,DoesntDrink,DoesntSmoke,Fairskinned,SlimBuild,7
F,25,165,NeverMarried,Masters-Commerce,Notworking,Muslim,Urdu,Sunni,Allahabad,India,Non-Vegetarian,DoesntDrink,DoesntSmoke,Wheatishskintone,AverageBuild,3
F,24,165,NeverMarried,Associatesdegree-Commerce,SalesProfessional,Hindu,Tamil,Chettiar,Mumbai,India,OccasionallyNon-Vegetarian,DoesntDrink,DoesntSmoke,Darkskinned,AverageBuild,3
F,30,162,NeverMarried,Masters-Management,MarketingProfessional,Jain,Hindi,Shwetamber,Dubai,UnitedArabEmirates,Vegetarian,DoesntDrink,DoesntSmoke,Wheatishskintone,AthleticBuild,5
F,24,160,NeverMarried,Masters-Commerce,Teacher,Hindu,Hindi,Jaiswal,Gorakhpur,India,Non-Vegetarian,DoesntDrink,DoesntSmoke,Fairskinned,SlimBuild,5
F,27,165,Divorced,Lessthanhighschool-Advertising/Marketing,NotSpecified,Sikh,Punjabi,Ramgharia,Delhi,India,Non-Vegetarian,DoesntDrink,DoesntSmoke,VeryFairskinned,AverageBuild,3
F,42,154,NeverMarried,Masters-Management,AgriculturalProfessional,Hindu,Hindi,Kayastha,Lucknow,India,Vegetarian,DoesntDrink,DoesntSmoke,Fairskinned,AverageBuild,6
F,25,144,NeverMarried,Undergraduate-Commerce,CustomerSupport/BPO/KPOProfessional,Muslim,Hindi,Sunni,Mumbai,India,Non-Vegetarian,DoesntDrink,DoesntSmoke,Wheatishskintone,SlimBuild,0
F,35,152,NeverMarried,Bachelors-Commerce,Notworking,Buddhist,Marathi,NotSpecified,Mumbai,India,Non-Vegetarian,DoesntDrink,DoesntSmoke,Wheatishskintone,SlimBuild,6
F,24,160,NeverMarried,Bachelors-Engineering/Technology,SoftwareConsultant,Hindu,Hindi,Khatri,Ambala,India,Eggetarian,DoesntDrink,DoesntSmoke,Fairskinned,SlimBuild,5
F,26,152,NeverMarried,Highschool-Commerce,Notworking,Hindu,Hindi,Baghel/Pal/Gaderiya,Delhi,India,Vegetarian,DoesntDrink,DoesntSmoke,Fairskinned,AverageBuild,0
F,27,165,NeverMarried,Doctorate-Medicine,Doctor,Hindu,Sindhi,Sindhi-Larkana,Delhi,India,OccasionallyNon-Vegetarian,DoesntDrink,DoesntSmoke,Fairskinned,AverageBuild,3
F,23,157,NeverMarried,Undergraduate-Arts,Notworking,Hindu,Hindi,Baniya,Patna,India,OccasionallyNon-Vegetarian,DoesntDrink,DoesntSmoke,Fairskinned,AverageBuild,5
F,26,149,Divorced,Bachelors-Commerce,CompanySecretary,Hindu,Bengali,Namasudra,Kolkata,India,Non-Vegetarian,DoesntDrink,DoesntSmoke,Fairskinned,SlimBuild,0
F,30,167,NeverMarried,Bachelors-Engineering/Technology,NotSpecified,Hindu,Hindi,Jat,Noida,India,Vegetarian,DoesntDrink,DoesntSmoke,VeryFairskinned,AverageBuild,2
F,21,152,NeverMarried,Bachelors-Science,Notworking,Hindu,Marathi,Dhangar,Osmanabad,India,Non-Vegetarian,DoesntDrink,DoesntSmoke,Fairskinned,SlimBuild,0
F,30,165,NeverMarried,Bachelors-Commerce,NotSpecified,Hindu,Odia,Baniya,Rourkela,India,Non-Vegetarian,DoesntDrink,DoesntSmoke,Wheatishskintone,AthleticBuild,3
F,31,162,NeverMarried,Highschool-Arts,Notworking,Muslim,Urdu,Sunni,Chinsurah,India,Non-Vegetarian,DoesntDrink,DoesntSmoke,Wheatishskintone,AverageBuild,3
F,23,149,NeverMarried,Bachelors-Commerce,AdminProfessional,Hindu,Hindi,Lohar,Mumbai,India,OccasionallyNon-Vegetarian,DoesntDrink,DoesntSmoke,Fairskinned,AverageBuild,0
F,41,157,Widowed,Masters-Advertising/Marketing,Sr.Manager/Manager,Hindu,Gujarati,Patel-Leva,CA,USA,Eggetarian,DrinksOccasionally,DoesntSmoke,VeryFairskinned,AverageBuild,6
F,19,157,NeverMarried,Honoursdegree-Administrativeservices,Notworking,Muslim,Bengali,Sunni,Dhaka,Bangladesh,Non-Vegetarian,DoesntDrink,DoesntSmoke,Fairskinned,AverageBuild,5
F,34,152,NeverMarried,Masters-Nursing/HealthSciences,Teacher,Hindu,Hindi,Rajput,Delhi,India,Vegetarian,DoesntDrink,DoesntSmoke,Fairskinned,AverageBuild,6
F,23,157,NeverMarried,Highschool-Law,Notworking,Hindu,Hindi,Jatav,Firozabad,India,Eggetarian,DoesntDrink,DoesntSmoke,VeryFairskinned,SlimBuild,5
F,26,157,NeverMarried,Bachelors-Computers/IT,SoftwareDeveloper/Programmer,Hindu,Hindi,Khatri,Gurgaon,India,Vegetarian,DoesntDrink,DoesntSmoke,Fairskinned,SlimBuild,5
F,25,167,NeverMarried,Masters-Science,Teacher,Hindu,Punjabi,Khatri,Kapurthala,India,Vegetarian,DoesntDrink,DoesntSmoke,Fairskinned,AverageBuild,3
F,28,160,NeverMarried,Masters-Management,NotSpecified,Hindu,Konkani,Brahmin-GowdSaraswat,Pune,India,Eggetarian,DrinksOccasionally,DoesntSmoke,VeryFairskinned,AverageBuild,5
F,26,165,NeverMarried,Bachelors-Engineering/Technology,BankingProfessional,Hindu,Hindi,Brahmin-Other,Delhi,India,Vegetarian,DoesntDrink,DoesntSmoke,Wheatishskintone,HeavyBuild,5
F,33,167,NeverMarried,Bachelors-Law,LegalProfessional,Hindu,Bengali,Kayastha,Bengaluru/Bangalore,India,Non-Vegetarian,DoesntDrink,DoesntSmoke,Fairskinned,AverageBuild,2
F,26,162,NeverMarried,Bachelors-Science,NotSpecified,Hindu,Gujarati,Rajput,Gandhinagar,India,Vegetarian,DoesntDrink,DoesntSmoke,Fairskinned,AverageBuild,5
F,20,149,Divorced,Diploma-Computers/IT,Notworking,Hindu,Hindi,Rajput,Raigarh,India,Vegetarian,DoesntDrink,DoesntSmoke,Fairskinned,AverageBuild,0
F,30,160,NeverMarried,Masters-Management,HumanResourcesProfessional,Hindu,Hindi,Teli,Noida,India,Vegetarian,DoesntDrink,DoesntSmoke,Fairskinned,SlimBuild,5
F,22,160,NeverMarried,Highschool-HomeScience,Notworking,Hindu,Hindi,Brahmin-Smartha,Budaun,India,Non-Vegetarian,DoesntDrink,DoesntSmoke,Fairskinned,AverageBuild,5
F,27,160,NeverMarried,Masters-Commerce,Journalist,Hindu,Hindi,NotSpecified,Delhi,India,Non-Vegetarian,DoesntDrink,DoesntSmoke,Fairskinned,SlimBuild,5
F,25,134,NeverMarried,Undergraduate-HomeScience,Notworking,Hindu,Hindi,Kushwaha,Bhopal,India,Vegetarian,DoesntDrink,DoesntSmoke,VeryFairskinned,AverageBuild,7
F,27,157,NeverMarried,Masters-Commerce,Notworking,Sikh,Punjabi,Khatri,Delhi,India,OccasionallyNon-Vegetarian,DoesntDrink,DoesntSmoke,Fairskinned,AverageBuild,3
F,22,134,NeverMarried,Diploma-Advertising/Marketing,Notworking,Hindu,Marwari,Brahmin-Other,Bikaner,India,Vegetarian,DoesntDrink,DoesntSmoke,Fairskinned,SlimBuild,7
F,30,162,Divorced,Masters-FineArts,Artist,Hindu,Hindi,Kumbhakar/Kumbhar,Ujjain,India,Vegetarian,DoesntDrink,DoesntSmoke,Wheatishskintone,AthleticBuild,5
F,34,160,AwaitingDivorce,Bachelors-Education,Notworking,Hindu,Hindi,Khatri,Delhi,India,OccasionallyNon-Vegetarian,DrinksOccasionally,DoesntSmoke,Fairskinned,HeavyBuild,6
F,30,160,NeverMarried,Diploma-Fashion,MarketingProfessional,Hindu,Punjabi,Khatri,Delhi,India,Non-Vegetarian,DoesntDrink,DoesntSmoke,Fairskinned,AverageBuild,3
F,26,152,NeverMarried,Associatesdegree-Finance,CustomerSupport/BPO/KPOProfessional,Hindu,Hindi,Rajput,Gwalior,India,Eggetarian,DoesntDrink,DoesntSmoke,Fairskinned,AverageBuild,0
F,21,157,NeverMarried,Diploma-Arts,Notworking,Hindu,Hindi,Baniya,Aligarh,India,Vegetarian,DoesntDrink,DoesntSmoke,VeryFairskinned,SlimBuild,5
F,28,172,NeverMarried,Bachelors-Commerce,CustomerSupport/BPO/KPOProfessional,Hindu,Tulu,Mogaveera,Mumbai,India,Non-Vegetarian,DoesntDrink,DoesntSmoke,Fairskinned,AverageBuild,4
F,29,157,NeverMarried,Bachelors-Arts,Teacher,Hindu,Nepali,Baishya,Tinsukia,India,Non-Vegetarian,DoesntDrink,DoesntSmoke,Wheatishskintone,AthleticBuild,3
F,28,157,NeverMarried,Masters-Commerce,BankingProfessional,Hindu,Hindi,Baniya,Delhi,India,Vegetarian,DoesntDrink,DoesntSmoke,Wheatishskintone,SlimBuild,5
F,33,134,Divorced,Highschool-Arts,Notworking,Muslim,Hindi,SunniEhle-Hadith,Bengaluru/Bangalore,India,Non-Vegetarian,DoesntDrink,DoesntSmoke,VeryFairskinned,AthleticBuild,7
F,26,157,NeverMarried,Honoursdegree-Law,LegalProfessional,Hindu,Hindi,Rajput,Mumbai,India,OccasionallyNon-Vegetarian,DoesntDrink,DoesntSmoke,Fairskinned,AverageBuild,5
F,26,162,NeverMarried,Bachelors-Computers/IT,SoftwareProfessional,Muslim,Tamil,Rowther,Dindigul,India,Non-Vegetarian,DoesntDrink,DoesntSmoke,Fairskinned,AverageBuild,3
F,24,157,NeverMarried,Masters-Medicine,Doctor,Hindu,Malayalam,Nair,Bengaluru/Bangalore,India,OccasionallyNon-Vegetarian,DoesntDrink,DoesntSmoke,Wheatishskintone,AverageBuild,5
F,27,152,NeverMarried,Bachelors-Architecture,Architect,Hindu,Hindi,Gupta,Lucknow,India,Vegetarian,DoesntDrink,DoesntSmoke,Wheatishskintone,AverageBuild,0
F,38,152,Annulled,Bachelors-Science,NotSpecified,Hindu,Telugu,Balija,AndhraPradesh,India,OccasionallyNon-Vegetarian,DoesntDrink,DoesntSmoke,Fairskinned,AverageBuild,6
F,28,152,NeverMarried,Masters-Arts,NotSpecified,Hindu,Hindi,Yadav,Kanpur,India,Vegetarian,DoesntDrink,DoesntSmoke,Darkskinned,SlimBuild,0
F,29,162,NeverMarried,Bachelors-Travel&amp,Tourism,Hotel&amp,Hindu,Bengali,Dehradun,India,Non-Vegetarian,DoesntDrink,DoesntSmoke,VeryFairskinned,AverageBuild,5
F,28,134,NeverMarried,Highschool-Education,Beautician,Christian,Hindi,Catholic,Gurgaon,India,Non-Vegetarian,DoesntDrink,DoesntSmoke,Fairskinned,SlimBuild,7
F,22,160,NeverMarried,Highschool-Commerce,SalesProfessional,Muslim,Hindi,Sunni,Mumbai,India,Non-Vegetarian,DrinksOccasionally,DoesntSmoke,Fairskinned,SlimBuild,5
F,20,162,NeverMarried,Undergraduate-Computers/IT,Notworking,Christian,Hindi,BornAgain,Chandigarh,India,Non-Vegetarian,DoesntDrink,DoesntSmoke,Fairskinned,SlimBuild,5
M,35,170,AwaitingDivorce,Bachelors-Commerce,FinanceProfessional,Hindu,Hindi,Agarwal,Delhi,India,Vegetarian,DoesntDrink,DoesntSmoke,Wheatishskintone,AverageBuild,2
M,35,182,NeverMarried,Bachelors-Computers/IT,Hardware&amp,Networkingprofessional,Hindu,Gujarati,Leicester,UnitedKingdom,Vegetarian,DrinksOccasionally,DoesntSmoke,Fairskinned,AverageBuild,1
M,29,167,NeverMarried,Bachelors-Computers/IT,SoftwareDeveloper/Programmer,Hindu,Marathi,Maharashtrian,Vadodara,India,Vegetarian,DoesntDrink,DoesntSmoke,Wheatishskintone,AverageBuild,2
M,35,180,NeverMarried,Bachelors-Computers/IT,SoftwareDeveloper/Programmer,Hindu,Marathi,Maratha,Mumbai,India,Non-Vegetarian,DrinksOccasionally,DoesntSmoke,Wheatishskintone,AverageBuild,4
M,34,175,NeverMarried,Masters-Computers/IT,SoftwareProfessional,Hindu,Gujarati,Patel-Kadva,Toronto,Canada,Eggetarian,DrinksOccasionally,DoesntSmoke,Fairskinned,AthleticBuild,1
M,34,182,NeverMarried,Masters-Management,SalesProfessional,Hindu,Gujarati,Gujarati,OH,USA,OccasionallyNon-Vegetarian,DrinksOccasionally,DoesntSmoke,Wheatishskintone,AverageBuild,1
M,35,177,NeverMarried,Masters-Management,FinanceProfessional,Hindu,Hindi,Baniya,Mumbai,India,Eggetarian,DrinksOccasionally,DoesntSmoke,Fairskinned,SlimBuild,1
M,35,187,NeverMarried,Masters-Management,BankingProfessional,Hindu,Hindi,Brahmin-Gour,Indore,India,Vegetarian,DoesntDrink,DoesntSmoke,Fairskinned,AthleticBuild,1
M,35,170,NeverMarried,Bachelors-Commerce,BusinessOwner/Entrepreneur,Hindu,Gujarati,Gujarati,Mumbai,India,Vegetarian,DoesntDrink,DoesntSmoke,Wheatishskintone,AthleticBuild,2
M,35,170,NeverMarried,Masters-Computers/IT,SoftwareDeveloper/Programmer,Hindu,Gujarati,Vaishnav-Vania,Ahmedabad,India,Vegetarian,DoesntDrink,DoesntSmoke,VeryFairskinned,AverageBuild,2
M,35,170,NeverMarried,Bachelors-Management,MarketingProfessional,Hindu,Gujarati,Gujarati,Dubai,UnitedArabEmirates,Eggetarian,DrinksOccasionally,DoesntSmoke,Fairskinned,AverageBuild,2
M,33,170,NeverMarried,Bachelors-Medicine,Doctor,Hindu,Hindi,Yadav,Ara,India,OccasionallyNon-Vegetarian,DoesntDrink,DoesntSmoke,VeryFairskinned,AverageBuild,2
M,35,180,NeverMarried,Doctorate-Science,Medical/HealthcareProfessional,Hindu,Punjabi,Bhatia,MA,USA,Non-Vegetarian,DoesntDrink,DoesntSmoke,Wheatishskintone,AthleticBuild,4
M,33,167,NeverMarried,Associatesdegree-Medicine,Medical/HealthcareProfessional,Hindu,Gujarati,Brahmin-Nagar,MN,USA,Eggetarian,DoesntDrink,DoesntSmoke,Fairskinned,AthleticBuild,2
M,35,167,NeverMarried,Diploma-Medicine,BusinessOwner/Entrepreneur,Hindu,Marathi,Sonar,Nagpur,India,Eggetarian,DoesntDrink,DoesntSmoke,Wheatishskintone,AverageBuild,2
M,34,175,NeverMarried,Bachelors-Computers/IT,SoftwareConsultant,Hindu,Punjabi,Arora,Delhi,India,Vegetarian,DoesntDrink,DoesntSmoke,Fairskinned,AverageBuild,4
M,33,177,NeverMarried,Bachelors-Shipping,MerchantNavalOfficer,Hindu,Hindi,Kshatriya,Mumbai,India,Vegetarian,DoesntDrink,DoesntSmoke,Fairskinned,AverageBuild,1
M,34,180,NeverMarried,Bachelors-Medicine,Doctor,Hindu,Hindi,Vishwakarma,Lucknow,India,Vegetarian,DoesntDrink,DoesntSmoke,Fairskinned,AthleticBuild,1
M,35,175,NeverMarried,Bachelors-Computers/IT,SoftwareProfessional,Hindu,Marathi,Teli,Pune,India,Non-Vegetarian,DoesntDrink,DoesntSmoke,Fairskinned,AverageBuild,4
M,35,170,NeverMarried,Bachelors-Engineering/Technology,SoftwareConsultant,Hindu,Marathi,Koshti,Pune,India,OccasionallyNon-Vegetarian,DoesntDrink,DoesntSmoke,Wheatishskintone,AthleticBuild,2
M,35,177,NeverMarried,Masters-Management,VP/AVP/GM/DGM,Hindu,Hindi,Khatri,Delhi,India,OccasionallyNon-Vegetarian,DrinksOccasionally,DoesntSmoke,Fairskinned,AthleticBuild,1
M,35,182,NeverMarried,Masters-Management,SoftwareProfessional,Hindu,Punjabi,Khatri,Delhi,India,Vegetarian,DoesntDrink,DoesntSmoke,VeryFairskinned,AverageBuild,4
M,35,172,NeverMarried,Bachelors-Management,BusinessOwner/Entrepreneur,Hindu,Kannada,Nayak,Bengaluru/Bangalore,India,Non-Vegetarian,DrinksOccasionally,DoesntSmoke,Fairskinned,AthleticBuild,2
M,32,172,NeverMarried,Bachelors-Science,SalesProfessional,Hindu,Hindi,Chaurasia,Patna,India,OccasionallyNon-Vegetarian,DoesntDrink,DoesntSmoke,Fairskinned,AthleticBuild,2
M,35,175,NeverMarried,Bachelors-Commerce,SoftwareProfessional,Hindu,Marathi,Maratha,Pune,India,Non-Vegetarian,DoesntDrink,DoesntSmoke,Fairskinned,AthleticBuild,4
M,35,172,NeverMarried,Masters-Science,SoftwareProfessional,Hindu,Gujarati,NotSpecified,AZ,USA,Vegetarian,DoesntDrink,DoesntSmoke,Fairskinned,AverageBuild,2
M,30,162,NeverMarried,Undergraduate-Travel&amp,Tourism,CateringProfessional,Hindu,Gujarati,SunshineCoast,Australia,OccasionallyNon-Vegetarian,DrinksOccasionally,DoesntSmoke,Fairskinned,AverageBuild,5
M,35,180,AwaitingDivorce,Diploma-Engineering/Technology,SalesProfessional,Hindu,Gujarati,Vaishnav-Vania,Vadodara,India,Vegetarian,DoesntDrink,DoesntSmoke,Fairskinned,AthleticBuild,1
M,35,160,NeverMarried,Bachelors-Science,Medical/HealthcareProfessional,Hindu,Gujarati,Prajapati,Toronto,Canada,Non-Vegetarian,DrinksOften,DoesntSmoke,Fairskinned,AverageBuild,6
M,35,167,NeverMarried,Bachelors-Engineering/Technology,SoftwareDeveloper/Programmer,Hindu,Kannada,Lingayath,Melbourne,Australia,Eggetarian,DrinksOccasionally,DoesntSmoke,Wheatishskintone,AthleticBuild,2
M,32,172,NeverMarried,Honoursdegree-Finance,FinanceProfessional,Hindu,Gujarati,NotSpecified,Leicester,UnitedKingdom,Eggetarian,DrinksOccasionally,DoesntSmoke,Wheatishskintone,AverageBuild,2
M,35,175,NeverMarried,Bachelors-Finance,BusinessOwner/Entrepreneur,Hindu,Gujarati,Patel,FL,USA,OccasionallyNon-Vegetarian,DrinksOccasionally,DoesntSmoke,Fairskinned,AthleticBuild,1
M,34,154,NeverMarried,Masters-Management,Medical/HealthcareProfessional,Hindu,Gujarati,NotSpecified,IL,USA,OccasionallyNon-Vegetarian,DrinksOccasionally,DoesntSmoke,Fairskinned,AthleticBuild,6
M,35,177,NeverMarried,Masters-Computers/IT,SoftwareProfessional,Hindu,Bengali,Bengali,Bengaluru/Bangalore,India,Non-Vegetarian,DoesntDrink,DoesntSmoke,Fairskinned,AverageBuild,1
M,35,167,NeverMarried,Bachelors-Engineering/Technology,SoftwareProfessional,Hindu,Tamil,Brahmin-Iyer,Thiruvananthapuram,India,Vegetarian,DoesntDrink,DoesntSmoke,Fairskinned,AthleticBuild,3
M,33,172,NeverMarried,Masters-Management,CivilEngineer,Hindu,Gujarati,Vaishnav,NewYork,USA,Vegetarian,DrinksOccasionally,DoesntSmoke,Fairskinned,AverageBuild,2
M,34,167,NeverMarried,Bachelors-Finance,FinanceProfessional,Hindu,Gujarati,Patel-Leva,IL,USA,OccasionallyNon-Vegetarian,DoesntDrink,DoesntSmoke,Wheatishskintone,AverageBuild,2
M,35,167,NeverMarried,Bachelors-Commerce,CxO/Chairman/Director/President,Hindu,Bengali,Bengali,Kolkata,India,Non-Vegetarian,DoesntDrink,DoesntSmoke,Wheatishskintone,AverageBuild,2
M,35,187,NeverMarried,Bachelors-Advertising/Marketing,TeamMember/Staff,Hindu,Hindi,Kshatriya,NJ,USA,Non-Vegetarian,DrinksOccasionally,DoesntSmoke,Fairskinned,AthleticBuild,1
M,35,172,NeverMarried,Bachelors-Commerce,CustomerSupport/BPO/KPOProfessional,Hindu,Marathi,96KKokanastha,Mumbai,India,Non-Vegetarian,DoesntDrink,DoesntSmoke,Fairskinned,AverageBuild,4
M,34,175,NeverMarried,Bachelors-Education,BusinessOwner/Entrepreneur,Hindu,Hindi,Agarwal,Delhi,India,Vegetarian,DrinksOccasionally,DoesntSmoke,Fairskinned,AverageBuild,1
M,34,170,NeverMarried,Bachelors-Engineering/Technology,Sr.Manager/Manager,Hindu,Hindi,Yadav,Mumbai,India,Vegetarian,DoesntDrink,DoesntSmoke,Fairskinned,AverageBuild,2
M,35,172,NeverMarried,Doctorate-Education,ResearchScholar,Hindu,Hindi,Kori,Lalitpur,India,Non-Vegetarian,DrinksOccasionally,SmokesOften,Fairskinned,AverageBuild,2
M,33,177,NeverMarried,Bachelors-Engineering/Technology,Mechanical/ProductionEngineer,Hindu,Gujarati,Vaishnav,Kuwait,Kuwait,Vegetarian,DoesntDrink,DoesntSmoke,Fairskinned,AthleticBuild,1
M,35,177,NeverMarried,Bachelors-Engineering/Technology,SoftwareConsultant,Hindu,Sindhi,Sindhi,CapeTown,SouthAfrica,Eggetarian,DoesntDrink,DoesntSmoke,Fairskinned,AthleticBuild,4
M,34,182,NeverMarried,Doctorate-Education,BankingProfessional,Hindu,Hindi,Saini,Jaipur,India,Vegetarian,DoesntDrink,DoesntSmoke,Fairskinned,AthleticBuild,1
M,33,182,NeverMarried,Masters-Management,FinanceProfessional,Hindu,Hindi,Brahmin,Delhi,India,Non-Vegetarian,DrinksOccasionally,SmokesOccasionally,VeryFairskinned,AthleticBuild,1
M,34,175,NeverMarried,Masters-Computers/IT,SoftwareDeveloper/Programmer,Hindu,Marathi,Other,SanJose,USA,OccasionallyNon-Vegetarian,DoesntDrink,DoesntSmoke,Fairskinned,AverageBuild,4
M,31,172,NeverMarried,Masters-Management,Sr.Manager/Manager,Hindu,Sindhi,Sindhi,Vapi,India,OccasionallyNon-Vegetarian,DoesntDrink,DoesntSmoke,Fairskinned,AverageBuild,4
M,35,190,NeverMarried,Undergraduate-Management,Consultant/Supervisor/TeamLeads,Hindu,Gujarati,Gujarati,Gandhinagar,India,Vegetarian,DoesntDrink,DoesntSmoke,Wheatishskintone,AverageBuild,1
M,32,177,NeverMarried,Bachelors-Engineering/Technology,Mechanical/ProductionEngineer,Hindu,Gujarati,Brahmin-Audichya,Anand,India,Vegetarian,DoesntDrink,DoesntSmoke,Wheatishskintone,SlimBuild,1
M,33,177,NeverMarried,Diploma-FineArts,Designer,Hindu,Hindi,Kayastha,Delhi,India,OccasionallyNon-Vegetarian,DoesntDrink,DoesntSmoke,Fairskinned,AverageBuild,1
M,35,177,NeverMarried,Masters-Engineering/Technology,SalesProfessional,Hindu,Marathi,Maratha,Toronto,Canada,Non-Vegetarian,DrinksOccasionally,DoesntSmoke,Wheatishskintone,AthleticBuild,4
M,34,175,NeverMarried,Bachelors-Finance,FinanceProfessional,Hindu,English,Punjabi,Bedfordshire,UnitedKingdom,Non-Vegetarian,DoesntDrink,DoesntSmoke,VeryFairskinned,AverageBuild,1
M,34,172,NeverMarried,Masters-Computers/IT,FinanceProfessional,Hindu,Marathi,Koshti,Pune,India,Eggetarian,DoesntDrink,DoesntSmoke,Fairskinned,AverageBuild,4
M,35,167,NeverMarried,Masters-Computers/IT,BankingProfessional,Hindu,Hindi,NotSpecified,Lucknow,India,Vegetarian,DoesntDrink,DoesntSmoke,Wheatishskintone,AthleticBuild,2
M,35,170,NeverMarried,Masters-Commerce,AccountingProfessional,Hindu,Hindi,Punjabi,Melbourne,Australia,OccasionallyNon-Vegetarian,DrinksOccasionally,DoesntSmoke,Fairskinned,AthleticBuild,2
M,34,172,NeverMarried,Bachelors-Engineering/Technology,SoftwareProfessional,Hindu,Konkani,Brahmin-GowdSaraswat,Chennai,India,Non-Vegetarian,DrinksOccasionally,DoesntSmoke,Wheatishskintone,AverageBuild,2
M,29,185,NeverMarried,Masters-Engineering/Technology,BusinessOwner/Entrepreneur,Hindu,Telugu,AryaVysya,Namakkal,India,Vegetarian,DoesntDrink,DoesntSmoke,Wheatishskintone,AverageBuild,4
M,34,177,NeverMarried,Bachelors-Engineering/Technology,Sr.Manager/Manager,Hindu,Hindi,Jat,Delhi,India,OccasionallyNon-Vegetarian,DrinksOccasionally,SmokesOccasionally,Fairskinned,AverageBuild,1
M,31,177,NeverMarried,Bachelors-Engineering/Technology,Mechanical/ProductionEngineer,Hindu,Hindi,Brahmin,Bengaluru/Bangalore,India,Vegetarian,DoesntDrink,DoesntSmoke,Fairskinned,AverageBuild,1
M,33,180,NeverMarried,Masters-Management,Sr.Manager/Manager,Hindu,Hindi,Kshatriya,Toronto,Canada,Non-Vegetarian,DrinksOccasionally,DoesntSmoke,Wheatishskintone,AthleticBuild,1
M,34,180,NeverMarried,Doctorate-Medicine,Doctor,Hindu,English,Gujarati,LosAngeles,USA,Vegetarian,DrinksOccasionally,DoesntSmoke,Fairskinned,AverageBuild,1
M,31,182,NeverMarried,Bachelors-Computers/IT,SoftwareDeveloper/Programmer,Hindu,Gujarati,Lohana,Pune,India,Vegetarian,DoesntDrink,DoesntSmoke,Fairskinned,AverageBuild,1
M,32,170,NeverMarried,Bachelors-Commerce,BankingProfessional,Hindu,Marathi,Shimpi,Mumbai,India,Non-Vegetarian,DoesntDrink,DoesntSmoke,Wheatishskintone,AverageBuild,2
M,35,167,NeverMarried,Bachelors-Engineering/Technology,SoftwareDeveloper/Programmer,Hindu,Hindi,Brahmin-Bhumihar,Delhi,India,Non-Vegetarian,DoesntDrink,DoesntSmoke,Fairskinned,AverageBuild,2
M,34,172,NeverMarried,Masters-Management,Sr.Manager/Manager,Hindu,Bengali,Tamboli,Kolkata,India,Non-Vegetarian,DoesntDrink,DoesntSmoke,Fairskinned,AthleticBuild,2
M,30,180,NeverMarried,Doctorate-Science,Doctor,Hindu,Odia,Kshatriya,Bhubaneswar,India,OccasionallyNon-Vegetarian,DoesntDrink,DoesntSmoke,Fairskinned,AthleticBuild,4
M,34,180,NeverMarried,Bachelors-Engineering/Technology,BusinessOwner/Entrepreneur,Hindu,Hindi,Rajput-Garhwali,Delhi,India,Non-Vegetarian,DrinksOccasionally,DoesntSmoke,Wheatishskintone,AverageBuild,1
M,35,177,NeverMarried,Masters-Management,Sr.Manager/Manager,Hindu,Bengali,Bengali,Delhi,India,OccasionallyNon-Vegetarian,DrinksOccasionally,DoesntSmoke,Fairskinned,AthleticBuild,1
M,35,170,NeverMarried,Masters-Management,FinanceProfessional,Hindu,Hindi,Arora,Delhi,India,Non-Vegetarian,DrinksOccasionally,DoesntSmoke,Fairskinned,AthleticBuild,2
M,31,172,NeverMarried,Bachelors-Engineering/Technology,Mechanical/ProductionEngineer,Hindu,Sindhi,Sindhi,Ahmedabad,India,Eggetarian,DoesntDrink,DoesntSmoke,VeryFairskinned,AthleticBuild,4
M,35,180,NeverMarried,Masters-Management,MarketingProfessional,Hindu,Marathi,Bhovi,Jalgaon,India,Vegetarian,DoesntDrink,DoesntSmoke,Wheatishskintone,AverageBuild,4
M,35,180,NeverMarried,Doctorate-Medicine,Medical/HealthcareProfessional,Hindu,Telugu,Other,TX,USA,Non-Vegetarian,DrinksOften,DoesntSmoke,Darkskinned,AverageBuild,4
M,34,172,NeverMarried,Doctorate-Medicine,Doctor,Hindu,Bengali,Kayastha,Islington,UnitedKingdom,Eggetarian,DoesntDrink,DoesntSmoke,Fairskinned,AthleticBuild,2
M,34,177,NeverMarried,Bachelors-Science,BusinessOwner/Entrepreneur,Hindu,Gujarati,Patel-Kadva,NJ,USA,Vegetarian,DoesntDrink,DoesntSmoke,Fairskinned,AverageBuild,1
M,35,167,NeverMarried,Masters-Engineering/Technology,Electronics/TelecomEngineer,Hindu,Gujarati,Brahmin,Brisbane,Australia,OccasionallyNon-Vegetarian,DrinksOccasionally,DoesntSmoke,Wheatishskintone,AthleticBuild,2
M,31,172,NeverMarried,Diploma-Engineering/Technology,SoftwareProfessional,Hindu,Hindi,Brahmin,Mumbai,India,Vegetarian,DoesntDrink,DoesntSmoke,VeryFairskinned,AthleticBuild,2
M,35,170,NeverMarried,Masters-Advertising/Marketing,BusinessOwner/Entrepreneur,Hindu,Gujarati,Brahmin,Jamnagar,India,Vegetarian,DoesntDrink,DoesntSmoke,Wheatishskintone,AverageBuild,2
M,32,170,NeverMarried,Masters-Travel&amp,Tourism,Hindu,Gujarati,Panchal,Mumbai,India,Vegetarian,DoesntDrink,DoesntSmoke,Fairskinned,AverageBuild,2
M,34,185,NeverMarried,Masters-Computers/IT,SoftwareConsultant,Hindu,Telugu,Padmasali,VA,USA,Non-Vegetarian,DrinksOccasionally,DoesntSmoke,Fairskinned,AverageBuild,4
M,34,175,NeverMarried,Bachelors-Finance,CxO/Chairman/Director/President,Hindu,Gujarati,Gujarati,Buckinghamshire,UnitedKingdom,Non-Vegetarian,DrinksOccasionally,DoesntSmoke,Fairskinned,AthleticBuild,1
M,35,180,NeverMarried,Masters-Advertising/Marketing,Hotel&amp,Hindu,Hindi,Rajput,London,UnitedKingdom,Vegetarian,DoesntDrink,DoesntSmoke,Fairskinned,AthleticBuild,1
M,35,187,NeverMarried,Bachelors-Management,Hotel&amp,Hindu,Punjabi,Khatri,Panchkula,India,OccasionallyNon-Vegetarian,DrinksOccasionally,DoesntSmoke,VeryFairskinned,HeavyBuild,4
M,34,167,NeverMarried,Masters-Finance,BusinessOwner/Entrepreneur,Hindu,Gujarati,Vaishnav-Vania,NJ,USA,OccasionallyNon-Vegetarian,DrinksOccasionally,DoesntSmoke,Fairskinned,AverageBuild,2
M,34,182,NeverMarried,Bachelors-Engineering/Technology,Consultant/Supervisor/TeamLeads,Hindu,Hindi,Brahmin,Sydney,Australia,Vegetarian,DoesntDrink,DoesntSmoke,Fairskinned,AthleticBuild,1
M,32,177,NeverMarried,Masters-Nursing/HealthSciences,Doctor,Hindu,Gujarati,Brahmin,NJ,USA,OccasionallyNon-Vegetarian,DrinksOccasionally,DoesntSmoke,Wheatishskintone,AthleticBuild,1
M,32,177,NeverMarried,Masters-Management,AdminProfessional,Hindu,Gujarati,Brahmin-Anavil,Surat,India,Vegetarian,DrinksOccasionally,DoesntSmoke,Wheatishskintone,HeavyBuild,1
M,31,180,NeverMarried,Masters-Management,MarketingProfessional,Hindu,Punjabi,Punjabi,AbuDhabi,UnitedArabEmirates,Non-Vegetarian,DrinksOccasionally,DoesntSmoke,Fairskinned,AthleticBuild,4
M,34,162,NeverMarried,Masters-Commerce,AccountingProfessional,Hindu,Punjabi,Agarwal,Punjab,India,Vegetarian,DoesntDrink,DoesntSmoke,Wheatishskintone,AverageBuild,3
M,35,180,NeverMarried,Bachelors-Arts,BusinessOwner/Entrepreneur,Hindu,Hindi,Jaiswal,Alwar,India,Vegetarian,DoesntDrink,DoesntSmoke,Fairskinned,AthleticBuild,1
M,33,172,NeverMarried,Bachelors-Engineering/Technology,MarketingProfessional,Hindu,Bengali,Brahmin,Kolkata,India,Non-Vegetarian,DoesntDrink,DoesntSmoke,Wheatishskintone,AverageBuild,2
M,34,175,NeverMarried,Masters-Engineering/Technology,Electronics/TelecomEngineer,Hindu,Marathi,Brahmin-Deshastha,AZ,USA,Vegetarian,DrinksOccasionally,DoesntSmoke,Wheatishskintone,AthleticBuild,4
M,35,185,NeverMarried,Masters-Finance,CharteredAccountant,Hindu,Kannada,Brahmin-Smartha,Jakarta,Indonesia,Eggetarian,DoesntDrink,DoesntSmoke,Fairskinned,AthleticBuild,1
M,34,177,NeverMarried,Masters-Computers/IT,SoftwareDeveloper/Programmer,Hindu,Gujarati,Vaishnav-Vania,Melbourne,Australia,Vegetarian,DoesntDrink,DoesntSmoke,Fairskinned,AverageBuild,1
M,35,177,NeverMarried,Masters-Computers/IT,SoftwareDeveloper/Programmer,Hindu,Marathi,Bhandari,Mumbai,India,Non-Vegetarian,DoesntDrink,DoesntSmoke,Fairskinned,AverageBuild,4
M,33,175,NeverMarried,Masters-Engineering/Technology,CxO/Chairman/Director/President,Hindu,Gujarati,Vaishnav,Ahmedabad,India,Vegetarian,DoesntDrink,DoesntSmoke,Fairskinned,AverageBuild,1
M,35,177,NeverMarried,Masters-Management,JewelleryDesigner,Hindu,Hindi,Mehra,Delhi,India,OccasionallyNon-Vegetarian,DoesntDrink,DoesntSmoke,Fairskinned,AthleticBuild,1
M,30,165,NeverMarried,Honoursdegree-Engineering/Technology,BusinessOwner/Entrepreneur,Hindu,Gujarati,NotSpecified,Ahmedabad,India,Vegetarian,DoesntDrink,DoesntSmoke,Wheatishskintone,AthleticBuild,2
M,31,180,NeverMarried,Masters-Management,Sr.Manager/Manager,Hindu,Hindi,Gupta,Noida,India,OccasionallyNon-Vegetarian,DoesntDrink,DoesntSmoke,Fairskinned,AthleticBuild,1
M,35,165,NeverMarried,Masters-Finance,CharteredAccountant,Hindu,Gujarati,Other,London,UnitedKingdom,Vegetarian,DrinksOccasionally,DoesntSmoke,Wheatishskintone,AthleticBuild,2
M,33,172,NeverMarried,Bachelors-Engineering/Technology,SoftwareProfessional,Hindu,Hindi,Brahmin,Nagpur,India,Eggetarian,DoesntDrink,DoesntSmoke,Fairskinned,AverageBuild,2
M,34,175,NeverMarried,Bachelors-Engineering/Technology,BusinessOwner/Entrepreneur,Hindu,Hindi,Jatav,Noida,India,Vegetarian,DrinksOccasionally,DoesntSmoke,Fairskinned,AthleticBuild,1
M,32,182,NeverMarried,Bachelors-Engineering/Technology,CivilEngineer,Hindu,Hindi,Brahmin,Delhi,India,Vegetarian,DoesntDrink,DoesntSmoke,Fairskinned,AthleticBuild,1
M,34,177,NeverMarried,Diploma-Shipping,BusinessOwner/Entrepreneur,Hindu,Gujarati,Lohana,Leicester,UnitedKingdom,Vegetarian,DoesntDrink,SmokesOften,Fairskinned,AthleticBuild,1
M,34,177,NeverMarried,Masters-Computers/IT,SoftwareConsultant,Hindu,Gujarati,Vaishnav,NC,USA,Non-Vegetarian,DrinksOccasionally,DoesntSmoke,Wheatishskintone,AthleticBuild,1
M,35,177,NeverMarried,Bachelors-Engineering/Technology,SoftwareProfessional,Hindu,Hindi,Brahmin,Delhi,India,Vegetarian,DoesntDrink,DoesntSmoke,Fairskinned,AverageBuild,1
M,35,170,NeverMarried,Masters-Computers/IT,SoftwareDeveloper/Programmer,Hindu,Gujarati,Brahmin-Audichya,Mumbai,India,Vegetarian,DoesntDrink,DoesntSmoke,VeryFairskinned,AverageBuild,2
M,34,182,NeverMarried,Masters-Computers/IT,SoftwareProfessional,Hindu,Hindi,Rajput,Delhi,India,Non-Vegetarian,DoesntDrink,DoesntSmoke,Fairskinned,AthleticBuild,1
M,35,170,NeverMarried,Masters-Computers/IT,Agent/Broker/Trader/Contractor,Hindu,Punjabi,Punjabi,Sandwell,UnitedKingdom,OccasionallyNon-Vegetarian,DoesntDrink,DoesntSmoke,Wheatishskintone,AthleticBuild,4
M,35,182,NeverMarried,Bachelors-Engineering/Technology,Sr.Manager/Manager,Hindu,Punjabi,Arora,Chandigarh,India,OccasionallyNon-Vegetarian,DoesntDrink,DoesntSmoke,Fairskinned,AthleticBuild,4
M,35,175,NeverMarried,Masters-Finance,Consultant/Supervisor/TeamLeads,Hindu,Bengali,Kshatriya,NY,USA,Non-Vegetarian,DrinksOccasionally,DoesntSmoke,Wheatishskintone,AthleticBuild,1
M,34,172,NeverMarried,Bachelors-Engineering/Technology,OtherAirlineProfessional,Hindu,Hindi,Other,Allahabad,India,Non-Vegetarian,DrinksOccasionally,DoesntSmoke,Wheatishskintone,AverageBuild,2
M,35,170,NeverMarried,Bachelors-Engineering/Technology,SoftwareDeveloper/Programmer,Hindu,Marathi,Other,London,UnitedKingdom,OccasionallyNon-Vegetarian,DrinksOccasionally,DoesntSmoke,Fairskinned,AverageBuild,2
M,35,172,NeverMarried,Doctorate-Engineering/Technology,NonITEngineer,Hindu,Marathi,Other,CA,USA,Non-Vegetarian,DoesntDrink,DoesntSmoke,Fairskinned,AthleticBuild,4
M,35,182,NeverMarried,Bachelors-Engineering/Technology,SoftwareConsultant,Hindu,Hindi,Brahmin,CA,USA,Vegetarian,DoesntDrink,DoesntSmoke,Wheatishskintone,AverageBuild,1
M,32,177,NeverMarried,Masters-Computers/IT,SoftwareDeveloper/Programmer,Hindu,Gujarati,Patel-Leva,NJ,USA,Vegetarian,DoesntDrink,DoesntSmoke,Fairskinned,SlimBuild,1
M,33,167,NeverMarried,Bachelors-Computers/IT,Agent/Broker/Trader/Contractor,Hindu,Hindi,Teli,Varanasi,India,Eggetarian,DoesntDrink,DoesntSmoke,Wheatishskintone,AverageBuild,2
M,34,165,NeverMarried,Bachelors-Engineering/Technology,VP/AVP/GM/DGM,Hindu,Telugu,Brahmin-Vaidiki,CA,USA,Vegetarian,DrinksOccasionally,DoesntSmoke,Wheatishskintone,AthleticBuild,3
